Time [min];30-50;30-50;30-50;30-50;30-50;30-50;raw extr;raw extr;raw extr;raw extr;30-60;30-60;30-60;30-60;30-60;30-60;30-60;30-60;50;50;50;50;50;60;60;60;60;60;70;70;70;70;70;80;80;80;80;80
0;-0,035;-0,126;-0,191;-0,173;-0,451;-0,132;-0,235;-0,241;-0,244;-0,295;-0,281;-0,706;-0,145;-0,099;-0,139;-0,192;-0,1;-0,098;0,045;-0,004;0,011;0,036;0,005;0,073;-0,004;-0,024;-0,028;-0,235;-0,039;0,21;0,634;-0,062;-0,358;-0,197;0,273;0,25;-0,007;0,104
0,08;-0,05;-0,121;-0,188;-0,172;-0,44;-0,122;-0,234;-0,236;-0,239;-0,271;-0,254;-0,697;-0,144;-0,093;-0,132;-0,193;-0,112;-0,087;0,048;0,0007;0,013;0,047;0,01;0,078;-0,0001;-0,016;-0,024;-0,238;-0,033;0,229;0,658;-0,06;-0,354;-0,173;0,169;0,212;-0,002;0,162
0,17;-0,052;-0,123;-0,184;-0,162;-0,436;-0,123;-0,236;-0,235;-0,24;-0,287;-0,242;-0,693;-0,149;-0,103;-0,119;-0,161;-0,087;-0,103;0,059;0,003;0,017;0,042;0,019;0,083;0,003;-0,009;-0,019;-0,235;-0,028;0,239;0,648;-0,057;-0,344;-0,156;0,278;0,236;0,009;0,25
0,25;-0,053;-0,117;-0,187;-0,169;-0,44;-0,108;-0,234;-0,231;-0,234;-0,286;-0,244;-0,689;-0,132;-0,095;-0,123;-0,166;-0,094;-0,082;0,077;0,007;0,03;0,044;0,032;0,084;0,005;0,002;-0,012;-0,24;-0,036;0,236;0,69;-0,052;-0,343;-0,14;0,357;0,212;-0,022;0,289
0,33;-0,055;-0,116;-0,154;-0,16;-0,44;-0,101;-0,235;-0,228;-0,229;-0,278;-0,219;-0,682;-0,117;-0,08;-0,117;-0,144;-0,096;-0,094;0,067;0,012;0,027;0,046;0,041;0,087;0,009;0,002;0,019;-0,232;-0,034;0,238;0,689;-0,052;-0,335;-0,144;0,219;0,277;0,072;0,212
0,42;-0,052;-0,111;-0,166;-0,166;-0,438;-0,09;-0,228;-0,227;-0,226;-0,28;-0,19;-0,679;-0,119;-0,093;-0,111;-0,133;-0,107;-0,079;0,074;0,015;0,03;0,049;0,047;0,088;0,01;0,006;-0,003;-0,229;-0,032;0,249;0,696;-0,046;-0,34;-0,151;0,27;0,163;0,029;0,322
0,5;-0,046;-0,117;-0,177;-0,161;-0,436;-0,088;-0,224;-0,225;-0,226;-0,274;-0,23;-0,679;-0,122;-0,089;-0,11;-0,156;-0,091;-0,06;0,083;0,018;0,032;0,054;0,058;0,093;0,014;0,01;0,018;-0,224;-0,028;0,247;0,712;-0,047;-0,335;-0,128;0,303;0,292;0,02;0,247
0,58;-0,048;-0,116;-0,17;-0,159;-0,431;-0,083;-0,222;-0,222;-0,223;-0,269;-0,211;-0,666;-0,124;-0,075;-0,109;-0,121;-0,084;-0,05;0,081;0,025;0,035;0,068;0,063;0,099;0,015;0,015;0,008;-0,223;-0,029;0,259;0,731;-0,036;-0,329;-0,109;0,289;0,242;0,024;0,32
0,67;-0,04;-0,111;-0,166;-0,158;-0,432;-0,089;-0,22;-0,219;-0,215;-0,266;-0,208;-0,661;-0,116;-0,086;-0,075;-0,15;-0,054;-0,055;0,088;0,029;0,04;0,067;0,07;0,101;0,018;0,022;0,01;-0,216;-0,02;0,259;0,717;-0,035;-0,331;-0,106;0,318;0,281;0,075;0,302
0,75;-0,046;-0,086;-0,171;-0,147;-0,428;-0,084;-0,217;-0,218;-0,216;-0,263;-0,244;-0,659;-0,094;-0,077;-0,113;-0,141;-0,071;-0,068;0,091;0,032;0,044;0,068;0,072;0,105;0,025;0,026;0,016;-0,205;-0,017;0,26;0,758;-0,028;-0,323;-0,089;0,339;0,297;0,062;0,287
0,83;-0,037;-0,099;-0,167;-0,144;-0,425;-0,081;-0,217;-0,217;-0,214;-0,259;-0,194;-0,663;-0,077;-0,093;-0,087;-0,127;-0,036;-0,066;0,102;0,037;0,049;0,073;0,079;0,108;0,025;0,033;0,02;-0,226;-0,017;0,27;0,742;-0,028;-0,32;-0,097;0,307;0,2;0,086;0,347
0,92;-0,048;-0,094;-0,166;-0,139;-0,423;-0,077;-0,206;-0,213;-0,207;-0,256;-0,206;-0,664;-0,104;-0,07;-0,092;-0,107;-0,065;-0,069;0,099;0,043;0,053;0,078;0,084;0,114;0,029;0,039;0,025;-0,227;-0,014;0,274;0,765;-0,022;-0,316;-0,077;0,423;0,383;0,091;0,412
1;-0,048;-0,087;-0,163;-0,141;-0,42;-0,081;-0,21;-0,212;-0,204;-0,258;-0,193;-0,652;-0,107;-0,052;-0,08;-0,124;-0,053;-0,047;0,107;0,044;0,058;0,084;0,089;0,118;0,032;0,046;0,03;-0,229;-0,014;0,276;0,79;-0,018;-0,307;-0,091;0,367;0,389;0,127;0,339
1,08;-0,047;-0,089;-0,156;-0,139;-0,42;-0,066;-0,209;-0,211;-0,2;-0,254;-0,196;-0,65;-0,084;-0,073;-0,075;-0,086;-0,061;-0,05;0,113;0,048;0,062;0,088;0,094;0,123;0,035;0,051;0,034;-0,23;-0,008;0,289;0,829;-0,011;-0,304;-0,041;0,352;0,256;0,157;0,334
1,17;-0,042;-0,079;-0,153;-0,134;-0,42;-0,07;-0,209;-0,208;-0,202;-0,247;-0,181;-0,64;-0,097;-0,033;-0,064;-0,107;-0,021;-0,044;0,118;0,051;0,066;0,092;0,101;0,125;0,037;0,054;0,039;-0,225;-0,004;0,289;0,817;-0,007;-0,303;-0,045;0,373;0,222;0,13;0,481
1,25;-0,038;-0,085;-0,153;-0,134;-0,415;-0,076;-0,207;-0,203;-0,198;-0,231;-0,187;-0,644;-0,078;-0,063;-0,048;-0,114;-0,049;-0,032;0,123;0,056;0,069;0,1;0,104;0,129;0,04;0,06;0,043;-0,227;0,001;0,308;0,8;-0,007;-0,295;-0,059;0,348;0,278;0,173;0,35
1,33;-0,041;-0,078;-0,149;-0,136;-0,411;-0,063;-0,205;-0,207;-0,196;-0,228;-0,151;-0,638;-0,082;-0,06;-0,062;-0,094;-0,026;-0,034;0,127;0,062;0,077;0,104;0,111;0,133;0,042;0,07;0,049;-0,227;0,003;0,306;0,826;0,002;-0,289;-0,037;0,366;0,209;0,075;0,446
1,42;-0,042;-0,061;-0,146;-0,131;-0,407;-0,057;-0,204;-0,204;-0,194;-0,221;-0,158;-0,635;-0,072;-0,041;-0,042;-0,128;-0,036;-0,05;0,131;0,066;0,081;0,112;0,116;0,139;0,044;0,073;0,053;-0,23;0,003;0,304;0,838;0,009;-0,289;-0,013;0,318;0,232;0,102;0,45
1,5;-0,031;-0,069;-0,142;-0,132;-0,408;-0,07;-0,202;-0,203;-0,193;-0,22;-0,154;-0,632;-0,09;-0,039;-0,042;-0,114;-0,021;-0,002;0,133;0,073;0,084;0,117;0,121;0,142;0,045;0,078;0,059;-0,23;0,013;0,307;0,839;0,0008;-0,28;0,013;0,456;0,277;0,164;0,471
1,58;-0,038;-0,059;-0,135;-0,125;-0,405;-0,066;-0,2;-0,199;-0,187;-0,216;-0,145;-0,623;-0,063;-0,056;-0,038;-0,118;-0,018;-0,031;0,135;0,075;0,087;0,121;0,127;0,147;0,049;0,085;0,062;-0,23;0,011;0,329;0,845;0,017;-0,279;0,017;0,446;0,305;0,207;0,535
1,67;-0,037;-0,049;-0,128;-0,116;-0,402;-0,05;-0,197;-0,201;-0,19;-0,216;-0,114;-0,619;-0,071;-0,05;-0,041;-0,095;-0,016;-0,02;0,141;0,079;0,092;0,129;0,133;0,15;0,053;0,091;0,068;-0,232;0,016;0,331;0,845;0,017;-0,276;0,017;0,407;0,328;0,142;0,917
1,75;-0,031;-0,047;-0,126;-0,119;-0,4;-0,05;-0,2;-0,199;-0,187;-0,214;-0,153;-0,621;-0,053;-0,015;-0,04;-0,102;-0,031;-0,008;0,146;0,082;0,097;0,135;0,139;0,156;0,054;0,097;0,073;-0,233;0,009;0,34;0,88;0,023;-0,274;0,049;0,646;0,266;0,202;0,414
1,83;-0,028;-0,049;-0,126;-0,116;-0,397;-0,052;-0,197;-0,195;-0,183;-0,212;-0,081;-0,605;-0,06;-0,02;-0,037;-0,083;-0,014;0,004;0,154;0,086;0,099;0,14;0,145;0,16;0,058;0,104;0,078;-0,235;0,015;0,342;0,901;0,026;-0,264;0,029;0,582;0,319;0,189;0,539
1,92;-0,028;-0,043;-0,12;-0,112;-0,396;-0,044;-0,191;-0,195;-0,178;-0,218;-0,125;-0,605;-0,056;-0,027;-0,028;-0,077;-0,016;0,002;0,162;0,092;0,103;0,147;0,154;0,164;0,061;0,108;0,084;-0,234;0,019;0,341;0,853;0,033;-0,261;0,043;0,471;0,391;0,146;0,505
2;-0,021;-0,038;-0,116;-0,112;-0,391;-0,05;-0,192;-0,193;-0,176;-0,215;-0,102;-0,604;-0,056;-0,022;-0,013;-0,052;-0,006;-0,005;0,165;0,097;0,108;0,149;0,159;0,166;0,062;0,113;0,086;-0,231;0,023;0,37;0,961;0,04;-0,254;0,045;0,496;0,318;0,213;0,878
2,08;-0,033;-0,039;-0,109;-0,124;-0,39;-0,04;-0,184;-0,193;-0,175;-0,211;-0,129;-0,612;-0,044;-0,017;-0,016;-0,039;-0,001;0,002;0,174;0,099;0,116;0,154;0,162;0,173;0,066;0,119;0,093;-0,229;0,019;0,363;0,918;0,047;-0,249;0,053;0,541;0,417;0,246;0,529
2,17;-0,026;-0,039;-0,113;-0,111;-0,388;-0,033;-0,182;-0,19;-0,179;-0,209;-0,109;-0,605;-0,048;0,005;-0,001;-0,081;-0,003;0,012;0,181;0,103;0,121;0,162;0,167;0,177;0,068;0,124;0,097;-0,23;0,027;0,351;0,953;0,048;-0,242;0,045;0,932;0,495;0,229;0,488
2,25;-0,011;-0,027;-0,111;-0,108;-0,386;-0,026;-0,181;-0,191;-0,174;-0,211;-0,122;-0,599;-0,027;0,006;-0,011;-0,048;0,001;0,011;0,183;0,112;0,121;0,166;0,171;0,182;0,07;0,13;0,101;-0,223;0,028;0,379;0,945;0,058;-0,233;0,141;0,532;0,438;0,311;0,711
2,33;-0,016;-0,025;-0,111;-0,11;-0,383;-0,021;-0,179;-0,187;-0,172;-0,207;-0,105;-0,588;-0,055;0,007;0,007;-0,085;-0,002;0,036;0,184;0,116;0,127;0,171;0,178;0,186;0,072;0,136;0,106;-0,225;0,036;0,373;0,983;0,059;-0,221;0,088;0,474;0,428;0,261;0,555
2,42;-0,015;-0,016;-0,104;-0,108;-0,382;-0,03;-0,179;-0,184;-0,169;-0,208;-0,108;-0,585;-0,013;-0,015;0,004;-0,072;-0,0006;0,049;0,191;0,118;0,131;0,176;0,183;0,191;0,076;0,141;0,11;-0,223;0,032;0,393;0,927;0,071;-0,217;0,12;0,372;0,516;0,26;0,646
2,5;-0,01;-0,015;-0,095;-0,107;-0,378;-0,022;-0,175;-0,182;-0,166;-0,206;-0,069;-0,586;-0,036;0,033;0,002;-0,054;0,023;0,03;0,194;0,121;0,136;0,183;0,189;0,2;0,078;0,147;0,116;-0,224;0,037;0,407;0,912;0,069;-0,218;0,054;0,556;0,469;0,292;0,589
2,58;-0,01;-0,01;-0,096;-0,091;-0,371;-0,026;-0,173;-0,184;-0,164;-0,207;-0,112;-0,575;-0,041;0,028;0,014;-0,039;0,025;0,055;0,202;0,126;0,14;0,188;0,194;0,205;0,084;0,155;0,12;-0,224;0,046;0,408;0,984;0,075;-0,209;0,108;0,548;0,556;0,235;0,504
2,67;-0,004;0,003;-0,086;-0,097;-0,369;-0,023;-0,171;-0,187;-0,161;-0,206;-0,109;-0,56;-0,005;0,046;0,006;-0,005;0,013;0,035;0,206;0,129;0,145;0,194;0,201;0,21;0,095;0,162;0,123;-0,222;0,049;0,406;0,928;0,082;-0,216;0,081;0,66;0,474;0,298;0,833
2,75;-0,006;-0,0006;-0,081;-0,095;-0,369;-0,021;-0,167;-0,18;-0,162;-0,203;-0,043;-0,572;0,001;0,03;0,018;-0,045;-0,002;0,054;0,209;0,136;0,151;0,2;0,205;0,214;0,091;0,165;0,128;-0,221;0,051;0,415;0,961;0,087;-0,204;0,146;0,458;0,536;0,345;0,782
2,83;-0,004;0,003;-0,067;-0,082;-0,368;-0,014;-0,161;-0,178;-0,158;-0,198;-0,077;-0,579;-0,003;0,031;0,017;-0,033;-0,003;0,038;0,214;0,14;0,154;0,206;0,211;0,218;0,089;0,17;0,134;-0,219;0,058;0,421;0,98;0,094;-0,205;0,112;0,713;0,432;0,291;0,636
2,92;0,009;0,006;-0,069;-0,089;-0,366;-0,018;-0,164;-0,174;-0,159;-0,198;-0,064;-0,569;-0,01;0,021;0,031;-0,043;0,021;0,034;0,218;0,144;0,159;0,212;0,216;0,223;0,094;0,175;0,136;-0,219;0,063;0,416;1,043;0,093;-0,194;0,108;0,527;0,41;0,231;0,607
3;0,004;0,021;-0,068;-0,085;-0,364;-0,013;-0,159;-0,172;-0,154;-0,198;-0,042;-0,562;-0,016;0,042;0,024;-0,04;0,035;0,064;0,225;0,148;0,164;0,219;0,222;0,229;0,097;0,18;0,14;-0,221;0,07;0,428;0,962;0,1;-0,19;0,166;0,535;0,458;0,328;0,512
3,08;0,012;0,015;-0,064;-0,083;-0,359;0,001;-0,156;-0,175;-0,148;-0,196;-0,062;-0,571;0,0002;0,034;0,04;-0,057;0,043;0,039;0,23;0,154;0,169;0,225;0,226;0,231;0,101;0,187;0,147;-0,221;0,07;0,442;1,003;0,109;-0,179;0,159;0,65;0,374;0,328;0,575
3,17;0,022;0,028;-0,058;-0,075;-0,361;-0,009;-0,157;-0,174;-0,15;-0,193;-0,06;-0,546;-0,008;0,041;0,034;-0,021;0,015;0,059;0,233;0,157;0,174;0,23;0,232;0,238;0,102;0,192;0,149;-0,218;0,078;0,444;0,937;0,119;-0,179;0,176;0,688;0,412;0,267;0,633
3,25;0,019;0,03;-0,05;-0,077;-0,355;0,005;-0,152;-0,168;-0,147;-0,188;-0,068;-0,558;0,019;0,037;0,039;0,019;0,018;0,088;0,236;0,161;0,173;0,235;0,237;0,242;0,105;0,197;0,157;-0,217;0,077;0,428;1,03;0,124;-0,174;0,252;0,719;0,642;0,368;0,636
3,33;0,018;0,036;-0,048;-0,084;-0,353;0,015;-0,154;-0,169;-0,142;-0,184;-0,051;-0,548;-0,002;0,042;0,049;-0,004;0,047;0,113;0,241;0,167;0,178;0,242;0,242;0,244;0,106;0,202;0,161;-0,222;0,085;0,451;1,132;0,116;-0,171;0,134;0,712;0,397;0,375;0,471
3,42;0,027;0,028;-0,044;-0,071;-0,347;0,012;-0,149;-0,164;-0,139;-0,187;-0,052;-0,552;0,009;0,038;0,066;0,015;0,053;0,063;0,246;0,17;0,182;0,242;0,251;0,251;0,11;0,208;0,164;-0,221;0,091;0,45;1,007;0,122;-0,164;0,203;0,705;0,657;0,391;1,13
3,5;0,027;0,045;-0,047;-0,066;-0,345;0,007;-0,146;-0,162;-0,139;-0,182;-0,047;-0,533;0,028;0,07;0,059;0,012;0,059;0,085;0,25;0,177;0,187;0,248;0,256;0,255;0,111;0,214;0,17;-0,221;0,094;0,465;1,081;0,135;-0,158;0,24;0,462;0,617;0,348;0,641
3,58;0,038;0,053;-0,04;-0,066;-0,343;0,012;-0,141;-0,164;-0,137;-0,179;-0,015;-0,527;0,028;0,081;0,071;0,012;0,043;0,08;0,254;0,18;0,192;0,257;0,258;0,262;0,116;0,219;0,173;-0,22;0,092;0,474;1,073;0,147;-0,149;0,176;0,791;0,473;0,259;0,943
3,67;0,034;0,049;-0,04;-0,056;-0,342;0,018;-0,143;-0,161;-0,136;-0,177;-0,006;-0,535;0,026;0,051;0,066;0,017;0,076;0,095;0,259;0,184;0,197;0,262;0,265;0,268;0,118;0,228;0,178;-0,218;0,099;0,466;1,072;0,143;-0,153;0,219;0,68;0,457;0,383;0,614
3,75;0,035;0,055;-0,026;-0,057;-0,34;0,025;-0,138;-0,157;-0,138;-0,176;-0,012;-0,527;0,037;0,079;0,069;0,004;0,086;0,081;0,264;0,189;0,211;0,268;0,271;0,272;0,119;0,232;0,181;-0,217;0,104;0,46;1,1;0,15;-0,145;0,247;0,639;0,598;0,371;0,945
3,83;0,045;0,062;-0,029;-0,053;-0,339;0,024;-0,135;-0,153;-0,137;-0,172;0,101;-0,524;0,018;0,066;0,071;-0,011;0,097;0,093;0,268;0,196;0,22;0,274;0,276;0,273;0,123;0,237;0,187;-0,219;0,116;0,51;1,055;0,15;-0,133;0,298;0,895;0,439;0,472;1
3,92;0,046;0,067;-0,022;-0,049;-0,332;0,024;-0,126;-0,155;-0,135;-0,174;0,034;-0,514;0,048;0,097;0,088;-0,019;0,056;0,105;0,271;0,198;0,224;0,28;0,281;0,279;0,126;0,245;0,189;-0,219;0,108;0,472;1,104;0,16;-0,132;0,233;0,695;0,445;0,381;0,879
4;0,057;0,069;-0,009;-0,056;-0,333;0,03;-0,125;-0,156;-0,129;-0,165;-0,01;-0,509;0,042;0,078;0,109;-0,031;0,098;0,119;0,277;0,204;0,231;0,284;0,288;0,285;0,127;0,25;0,192;-0,217;0,118;0,497;1,151;0,155;-0,128;0,2;0,713;0,619;0,362;0,711
4,08;0,059;0,08;-0,006;-0,042;-0,329;0,033;-0,124;-0,155;-0,127;-0,167;-0,015;-0,523;0,047;0,082;0,095;0,034;0,1;0,122;0,287;0,207;0,234;0,291;0,293;0,289;0,13;0,255;0,198;-0,214;0,12;0,501;1,138;0,164;-0,124;0,232;0,737;0,53;0,481;0,818
4,17;0,043;0,078;-0,011;-0,042;-0,326;0,035;-0,122;-0,151;-0,123;-0,168;-0,007;-0,514;0,039;0,071;0,122;0,066;0,059;0,133;0,291;0,211;0,239;0,296;0,297;0,294;0,134;0,258;0,202;-0,212;0,116;0,515;1,111;0,17;-0,115;0,318;0,67;0,525;0,391;0,786
4,25;0,059;0,089;-0,016;-0,033;-0,325;0,038;-0,115;-0,151;-0,125;-0,164;0,006;-0,51;0,078;0,077;0,088;0,009;0,113;0,082;0,29;0,217;0,243;0,305;0,304;0,298;0,136;0,268;0,205;-0,21;0,126;0,557;1,111;0,176;-0,113;0,336;0,715;0,554;0,36;0,915
4,33;0,054;0,103;0,007;-0,037;-0,323;0,03;-0,115;-0,15;-0,122;-0,161;-0,024;-0,5;0,073;0,072;0,101;0,016;0,077;0,126;0,299;0,22;0,247;0,309;0,308;0,305;0,137;0,271;0,211;-0,21;0,126;0,521;1,135;0,19;-0,11;0,265;0,781;0,511;0,514;0,615
4,42;0,067;0,103;0,003;-0,042;-0,32;0,03;-0,109;-0,151;-0,117;-0,16;0,07;-0,491;0,064;0,094;0,117;-0,002;0,123;0,146;0,297;0,225;0,253;0,316;0,314;0,307;0,141;0,276;0,215;-0,209;0,14;0,509;1,202;0,193;-0,108;0,335;0,495;0,46;0,447;0,799
4,5;0,067;0,097;-0,004;-0,031;-0,319;0,051;-0,109;-0,146;-0,117;-0,159;0,036;-0,501;0,073;0,117;0,123;0,029;0,101;0,132;0,303;0,23;0,257;0,321;0,318;0,315;0,143;0,283;0,219;-0,21;0,132;0,543;1,186;0,188;-0,097;0,248;0,509;0,573;0,391;0,893
4,58;0,074;0,102;0,013;-0,035;-0,313;0,05;-0,104;-0,145;-0,112;-0,156;0,034;-0,498;0,071;0,122;0,098;-0,009;0,102;0,154;0,306;0,234;0,262;0,326;0,323;0,318;0,148;0,287;0,223;-0,209;0,136;0,532;1,231;0,206;-0,093;0,304;0,844;0,663;0,529;0,997
4,67;0,07;0,114;0,028;-0,029;-0,31;0,055;-0,103;-0,146;-0,112;-0,154;-0,003;-0,49;0,07;0,138;0,121;0,063;0,106;0,157;0,31;0,239;0,267;0,331;0,33;0,324;0,148;0,295;0,228;-0,208;0,141;0,577;1,214;0,202;-0,087;0,31;0,639;0,593;0,454;0,507
4,75;0,076;0,113;0,024;-0,018;-0,308;0,06;-0,101;-0,139;-0,11;-0,155;0,062;-0,458;0,084;0,115;0,124;0,021;0,053;0,159;0,315;0,244;0,272;0,336;0,336;0,326;0,151;0,296;0,23;-0,208;0,152;0,569;1,218;0,207;-0,077;0,283;0,682;0,561;0,593;1,181
4,83;0,075;0,12;0,018;-0,025;-0,308;0,06;-0,101;-0,142;-0,108;-0,151;0,0004;-0,489;0,073;0,103;0,135;0,053;0,081;0,145;0,318;0,249;0,278;0,344;0,34;0,331;0,153;0,305;0,236;-0,206;0,153;0,56;1,198;0,211;-0,076;0,307;0,833;0,439;0,558;0,694
4,92;0,084;0,136;0,038;-0,017;-0,305;0,061;-0,096;-0,14;-0,103;-0,148;0,027;-0,468;0,068;0,123;0,125;0,041;0,136;0,122;0,324;0,252;0,281;0,351;0,347;0,335;0,157;0,309;0,24;-0,205;0,15;0,549;1,258;0,221;-0,071;0,248;0,696;0,471;0,471;0,666
5;0,087;0,139;0,034;-0,022;-0,3;0,069;-0,095;-0,137;-0,102;-0,147;0,041;-0,468;0,094;0,134;0,127;0,046;0,144;0,137;0,328;0,257;0,285;0,355;0,35;0,343;0,157;0,316;0,244;-0,206;0,15;0,592;1,283;0,223;-0,072;0,3;0,573;0,795;0,547;1,013
5,08;0,077;0,146;0,036;-0,007;-0,299;0,067;-0,095;-0,138;-0,101;-0,144;0,046;-0,465;0,088;0,147;0,152;0,027;0,117;0,154;0,337;0,262;0,29;0,36;0,355;0,346;0,161;0,321;0,248;-0,205;0,155;0,593;1,226;0,228;-0,059;0,325;0,94;0,407;0,594;1,166
5,17;0,094;0,143;0,04;-0,013;-0,297;0,068;-0,09;-0,134;-0,102;-0,143;0,102;-0,468;0,09;0,127;0,147;0,018;0,15;0,176;0,337;0,267;0,297;0,365;0,36;0,351;0,165;0,324;0,253;-0,205;0,169;0,595;1,198;0,23;-0,053;0,505;0,532;0,509;0,48;0,823
5,25;0,09;0,15;0,042;-0,009;-0,294;0,076;-0,09;-0,139;-0,094;-0,139;0,072;-0,453;0,1;0,124;0,152;0,078;0,12;0,182;0,343;0,271;0,302;0,369;0,367;0,355;0,167;0,333;0,258;-0,206;0,167;0,602;1,333;0,24;-0,049;0,298;0,955;0,581;0,459;0,808
5,33;0,098;0,157;0,05;-0,006;-0,29;0,087;-0,086;-0,133;-0,095;-0,14;0,08;-0,452;0,1;0,126;0,184;0,094;0,17;0,202;0,345;0,274;0,307;0,376;0,371;0,36;0,167;0,34;0,262;-0,204;0,163;0,607;1,379;0,231;-0,04;0,412;0,608;0,484;0,54;1,049
5,42;0,094;0,155;0,048;-0,0006;-0,289;0,079;-0,085;-0,132;-0,092;-0,136;0,082;-0,435;0,083;0,108;0,139;0,115;0,135;0,189;0,351;0,278;0,309;0,379;0,375;0,365;0,17;0,344;0,265;-0,203;0,164;0,625;1,334;0,249;-0,04;0,37;0,942;0,594;0,647;1,619
5,5;0,113;0,155;0,059;0,004;-0,286;0,073;-0,083;-0,129;-0,096;-0,13;0,078;-0,429;0,098;0,13;0,18;0,08;0,179;0,143;0,354;0,284;0,313;0,388;0,38;0,373;0,172;0,35;0,271;-0,203;0,166;0,616;1,307;0,258;-0,037;0,394;0,606;0,585;0,656;0,635
5,58;0,096;0,167;0,086;0,013;-0,282;0,096;-0,08;-0,127;-0,083;-0,13;0,086;-0,434;0,076;0,145;0,179;0,115;0,131;0,175;0,36;0,289;0,316;0,394;0,387;0,373;0,177;0,353;0,274;-0,203;0,185;0,622;1,278;0,253;-0,027;0,375;1,113;0,627;0,539;0,883
5,67;0,113;0,178;0,075;0,012;-0,283;0,098;-0,078;-0,121;-0,086;-0,132;0,11;-0,421;0,094;0,141;0,172;0,104;0,168;0,181;0,366;0,293;0,319;0,401;0,392;0,379;0,18;0,36;0,278;-0,203;0,186;0,615;1,239;0,254;-0,022;0,425;0,89;0,576;0,588;0,712
5,75;0,108;0,185;0,081;0,0007;-0,279;0,095;-0,077;-0,123;-0,086;-0,127;0,132;-0,441;0,133;0,156;0,2;0,115;0,135;0,204;0,368;0,297;0,328;0,405;0,396;0,383;0,182;0,367;0,282;-0,202;0,196;0,611;1,373;0,264;-0,022;0,419;0,757;1,075;0,596;0,781
5,83;0,122;0,189;0,078;0,023;-0,277;0,101;-0,073;-0,117;-0,085;-0,126;0,091;-0,441;0,109;0,153;0,164;0,084;0,184;0,205;0,373;0,302;0,332;0,411;0,402;0,388;0,184;0,371;0,286;-0,202;0,186;0,601;1,414;0,268;-0,015;0,386;0,805;0,774;0,663;0,818
5,92;0,13;0,178;0,078;0,014;-0,271;0,109;-0,075;-0,118;-0,082;-0,119;0,126;-0,433;0,102;0,175;0,233;0,119;0,167;0,189;0,377;0,307;0,333;0,419;0,407;0,396;0,187;0,376;0,292;-0,199;0,189;0,626;1,335;0,262;-0,005;0,413;1,226;0,633;0,531;0,82
6;0,123;0,192;0,085;0,027;-0,272;0,106;-0,069;-0,119;-0,078;-0,122;0,107;-0,437;0,115;0,168;0,191;0,104;0,176;0,215;0,381;0,309;0,339;0,423;0,411;0,4;0,191;0,382;0,294;-0,197;0,19;0,668;1,427;0,284;0;0,347;0,813;0,71;0,51;1,147
6,08;0,13;0,197;0,094;0,028;-0,271;0,107;-0,064;-0,115;-0,076;-0,119;0,149;-0,421;0,103;0,158;0,156;0,114;0,17;0,213;0,383;0,312;0,344;0,429;0,416;0,405;0,192;0,391;0,3;-0,197;0,198;0,62;1,345;0,286;0,007;0,563;1,229;1,126;0,852;0,69
6,17;0,133;0,215;0,099;0,039;-0,267;0,114;-0,066;-0,111;-0,076;-0,117;0,153;-0,403;0,134;0,208;0,209;0,136;0,207;0,254;0,388;0,318;0,347;0,434;0,423;0,409;0,195;0,395;0,301;-0,195;0,201;0,652;1,321;0,284;0,005;0,427;2,017;1,003;0,722;0,725
6,25;0,129;0,203;0,105;0,029;-0,263;0,109;-0,064;-0,111;-0,079;-0,117;0,125;-0,401;0,154;0,231;0,181;0,094;0,169;0,193;0,392;0,322;0,353;0,437;0,43;0,419;0,196;0,397;0,306;-0,195;0,207;0,651;1,479;0,285;0,012;0,37;0,846;1,04;0,657;0,863
6,33;0,136;0,202;0,112;0,038;-0,264;0,107;-0,066;-0,111;-0,072;-0,111;0,095;-0,41;0,119;0,197;0,221;0,072;0,186;0,253;0,398;0,326;0,36;0,445;0,433;0,421;0,2;0,404;0,312;-0,195;0,212;0,668;1,32;0,291;0,015;0,537;0,858;0,626;0,62;0,762
6,42;0,141;0,205;0,122;0,044;-0,259;0,126;-0,064;-0,116;-0,07;-0,111;0,142;-0,406;0,164;0,199;0,21;0,154;0,197;0,244;0,401;0,332;0,364;0,45;0,437;0,424;0,2;0,409;0,315;-0,194;0,208;0,692;1,675;0,301;0,02;0,406;1,158;0,66;0,574;1,085
6,5;0,156;0,215;0,117;0,053;-0,252;0,132;-0,059;-0,11;-0,069;-0,108;0,118;-0,414;0,165;0,199;0,252;0,167;0,172;0,224;0,406;0,335;0,364;0,458;0,443;0,427;0,204;0,415;0,321;-0,194;0,219;0,67;1,344;0,3;0,026;0,389;0,762;0,722;0,689;1,056
6,58;0,146;0,217;0,109;0,043;-0,253;0,135;-0,057;-0,111;-0,067;-0,109;0,126;-0,392;0,155;0,236;0,226;0,171;0,207;0,263;0,411;0,34;0,368;0,462;0,448;0,431;0,207;0,418;0,323;-0,195;0,214;0,661;1,511;0,303;0,032;0,444;1,178;0,632;0,693;0,775
6,67;0,163;0,224;0,125;0,062;-0,252;0,136;-0,059;-0,106;-0,063;-0,109;0,159;-0,392;0,205;0,213;0,266;0,112;0,193;0,253;0,414;0,344;0,373;0,466;0,453;0,439;0,208;0,426;0,33;-0,193;0,23;0,667;1,336;0,313;0,04;0,496;1,127;0,549;0,699;0,892
6,75;0,159;0,223;0,128;0,064;-0,246;0,147;-0,054;-0,106;-0,063;-0,103;0,137;-0,387;0,18;0,198;0,238;0,138;0,201;0,248;0,42;0,349;0,378;0,473;0,459;0,444;0,212;0,43;0,331;-0,194;0,228;0,692;1,463;0,319;0,041;0,413;1,109;0,631;0,884;0,703
6,83;0,162;0,243;0,132;0,056;-0,241;0,142;-0,054;-0,105;-0,058;-0,099;0,133;-0,384;0,183;0,233;0,255;0,146;0,226;0,283;0,423;0,352;0,381;0,477;0,464;0,444;0,213;0,435;0,335;-0,193;0,222;0,683;1,488;0,323;0,046;0,485;0,79;0,851;0,594;0,749
6,92;0,164;0,244;0,145;0,059;-0,24;0,144;-0,049;-0,107;-0,06;-0,103;0,153;-0,381;0,184;0,222;0,282;0,119;0,186;0,276;0,428;0,357;0,385;0,482;0,47;0,451;0,218;0,439;0,342;-0,194;0,234;0,683;1,462;0,327;0,056;0,462;0,882;0,91;0,768;0,788
7;0,163;0,261;0,136;0,079;-0,236;0,141;-0,049;-0,103;-0,054;-0,098;0,173;-0,38;0,192;0,203;0,225;0,14;0,208;0,254;0,432;0,363;0,39;0,489;0,477;0,458;0,22;0,447;0,344;-0,193;0,24;0,71;1,735;0,329;0,061;0,518;0,509;0,869;0,643;1,367
7,08;0,177;0,256;0,14;0,069;-0,236;0,169;-0,049;-0,104;-0,052;-0,098;0,182;-0,38;0,199;0,225;0,246;0,179;0,238;0,261;0,436;0,367;0,391;0,494;0,48;0,461;0,222;0,451;0,348;-0,193;0,234;0,697;1,46;0,327;0,058;0,385;0,778;1,452;0,667;1,502
7,17;0,189;0,262;0,155;0,082;-0,233;0,161;-0,048;-0,1;-0,054;-0,093;0,185;-0,378;0,211;0,254;0,303;0,16;0,235;0,282;0,439;0,371;0,4;0,498;0,485;0,465;0,225;0,459;0,351;-0,192;0,238;0,725;1,562;0,346;0,064;0,501;0,972;0,801;0,568;0,935
7,25;0,173;0,286;0,157;0,084;-0,23;0,154;-0,048;-0,102;-0,048;-0,091;0,176;-0,383;0,192;0,22;0,275;0,148;0,199;0,294;0,444;0,376;0,402;0,504;0,494;0,469;0,226;0,463;0,357;-0,192;0,25;0,725;1,41;0,333;0,072;0,501;0,776;0,887;0,594;1,029
7,33;0,182;0,265;0,164;0,093;-0,227;0,166;-0,04;-0,093;-0,044;-0,092;0,19;-0,387;0,219;0,225;0,275;0,147;0,236;0,26;0,447;0,379;0,407;0,51;0,497;0,475;0,23;0,468;0,362;-0,192;0,243;0,718;1,624;0,359;0,08;0,591;0,94;1,171;0,637;
7,42;0,207;0,273;0,173;0,071;-0,223;0,17;-0,043;-0,099;-0,04;-0,09;0,163;-0,367;0,159;0,217;0,293;0,164;0,218;0,289;0,453;0,384;0,411;0,517;0,504;0,476;0,233;0,472;0,363;-0,191;0,251;0,727;1,573;0,356;0,089;0,465;1,392;1,229;1,767;0,922
7,5;0,204;0,261;0,161;0,088;-0,225;0,162;-0,039;-0,091;-0,043;-0,086;0,131;-0,364;0,23;0,245;0,302;0,159;0,225;0,304;0,456;0,39;0,417;0,522;0,507;0,481;0,235;0,476;0,369;-0,191;0,257;0,686;1,557;0,367;0,092;0,368;0,928;0,671;0,695;1,051
7,58;0,201;0,275;0,163;0,1;-0,222;0,177;-0,034;-0,091;-0,036;-0,083;0,175;-0,366;0,248;0,246;0,269;0,18;0,264;0,28;0,462;0,393;0,423;0,529;0,512;0,483;0,236;0,478;0,369;-0,191;0,254;0,736;1,757;0,355;0,096;0,493;1,296;0,712;0,908;1,046
7,67;0,205;0,293;0,171;0,093;-0,217;0,195;-0,039;-0,09;-0,037;-0,084;0,218;-0,35;0,227;0,271;0,291;0,281;0,243;0,319;0,467;0,398;0,422;0,532;0,518;0,489;0,24;0,487;0,375;-0,188;0,26;0,743;1,506;0,363;0,097;0,565;0,624;0,715;0,959;0,818
7,75;0,207;0,292;0,182;0,103;-0,217;0,171;-0,03;-0,086;-0,035;-0,077;0,166;-0,335;0,193;0,272;0,261;0,197;0,229;0,326;0,469;0,404;0,428;0,537;0,521;0,495;0,244;0,492;0,384;-0,188;0,269;0,736;1,532;0,37;0,109;0,65;0,929;0,891;0,559;0,782
7,83;0,217;0,303;0,197;0,101;-0,214;0,192;-0,03;-0,087;-0,032;-0,074;0,176;-0,355;0,226;0,231;0,298;0,182;0,268;0,358;0,474;0,405;0,435;0,545;0,527;0,496;0,245;0,501;0,383;-0,186;0,259;0,755;1,549;0,365;0,108;0,52;1,155;0,77;0,56;
7,92;0,209;0,304;0,19;0,119;-0,21;0,184;-0,024;-0,089;-0,028;-0,075;0,198;-0,319;0,205;0,265;0,284;0,23;0,284;0,264;0,477;0,408;0,439;0,554;0,532;0,503;0,246;0,505;0,391;-0,187;0,272;0,759;1,512;0,371;0,117;0,482;1,029;0,731;1,02;
8;0,217;0,307;0,192;0,112;-0,211;0,195;-0,025;-0,086;-0,035;-0,069;0,171;-0,324;0,256;0,262;0,305;0,166;0,289;0,309;0,482;0,414;0,443;0,555;0,539;0,511;0,252;0,511;0,395;-0,186;0,281;0,799;1,523;0,376;0,114;0,573;1,027;0,768;0,616;1,804
8,08;0,225;0,309;0,2;0,12;-0,206;0,188;-0,027;-0,082;-0,025;-0,066;0,257;-0,329;0,227;0,25;0,336;0,278;0,234;0,357;0,484;0,418;0,445;0,565;0,544;0,514;0,255;0,519;0,399;-0,186;0,273;0,768;1,526;0,383;0,122;0,655;1,542;0,62;0,676;0,97
8,17;0,217;0,302;0,206;0,118;-0,201;0,2;-0,021;-0,084;-0,033;-0,072;0,203;-0,313;0,271;0,289;0,291;0,216;0,259;0,351;0,492;0,423;0,453;0,568;0,547;0,518;0,253;0,52;0,403;-0,185;0,279;0,786;1,363;0,392;0,132;0,898;0,875;0,813;0,576;1,046
8,25;0,234;0,303;0,208;0,11;-0,202;0,203;-0,016;-0,083;-0,029;-0,063;0,265;-0,326;0,204;0,314;0,337;0,127;0,35;0,333;0,496;0,428;0,456;0,575;0,555;0,517;0,259;0,525;0,408;-0,185;0,288;0,84;1,453;0,394;0,136;1,317;1,147;0,666;0,561;0,941
8,33;0,245;0,298;0,211;0,124;-0,198;0,212;-0,017;-0,078;-0,021;-0,071;0,19;-0,306;0,246;0,254;0,337;0,22;0,242;0,358;0,499;0,429;0,46;0,577;0,559;0,526;0,259;0,53;0,411;-0,186;0,281;0,779;1,552;0,419;0,148;0,517;1,457;0,795;0,7;1,14
8,42;0,247;0,322;0,211;0,123;-0,194;0,207;-0,019;-0,081;-0,02;-0,064;0,213;-0,339;0,288;0,239;0,337;0,218;0,284;0,29;0,501;0,433;0,464;0,587;0,568;0,531;0,261;0,538;0,412;-0,185;0,279;0,771;1,645;0,402;0,146;0,531;0,797;0,965;0,698;0,868
8,5;0,25;0,319;0,218;0,129;-0,191;0,216;-0,014;-0,075;-0,017;-0,06;0,223;-0,325;0,3;0,255;0,329;0,156;0,251;0,366;0,506;0,439;0,469;0,59;0,571;0,536;0,266;0,54;0,416;-0,182;0,288;0,824;1,524;0,399;0,146;1,337;0,738;0,857;1,033;1,327
8,58;0,252;0,331;0,225;0,128;-0,189;0,221;-0,015;-0,077;-0,017;-0,054;0,205;-0,309;0,261;0,286;0,321;0,165;0,238;0,346;0,513;0,44;0,472;0,597;0,576;0,541;0,266;0,546;0,422;-0,184;0,304;0,821;1,634;0,399;0,155;0,495;0,853;0,514;0,738;0,775
8,67;0,257;0,342;0,227;0,117;-0,184;0,233;-0,011;-0,071;-0,021;-0,057;0,208;-0,284;0,271;0,265;0,384;0,241;0,299;0,37;0,517;0,447;0,478;0,604;0,582;0,542;0,271;0,552;0,423;-0,183;0,306;0,816;1,585;0,427;0,163;0,661;0,862;0,608;0,626;1,018
8,75;0,249;0,336;0,228;0,154;-0,183;0,21;-0,01;-0,073;-0,013;-0,057;0,251;-0,321;0,312;0,326;0,343;0,196;0,246;0,287;0,517;0,453;0,481;0,613;0,586;0,551;0,271;0,557;0,43;-0,182;0,305;0,854;1,47;0,407;0,165;0,671;1,186;0,574;0,912;1,244
8,83;0,275;0,335;0,238;0,143;-0,182;0,222;-0,009;-0,072;-0,01;-0,055;0,24;-0,294;0,326;0,339;0,36;0,206;0,235;0,347;0,522;0,455;0,487;0,616;0,593;0,557;0,277;0,564;0,434;-0,181;0,298;0,835;1,643;0,431;0,176;0,798;1,091;0,587;0,698;1,507
8,92;0,266;0,342;0,25;0,156;-0,179;0,238;-0,008;-0,07;-0,01;-0,049;0,367;-0,304;0,294;0,366;0,374;0,266;0,302;0,373;0,528;0,461;0,492;0,622;0,595;0,56;0,277;0,57;0,437;-0,182;0,29;0,842;2,411;0,42;0,178;0,869;1,121;0,713;0,709;1,319
9;0,268;0,369;0,241;0,145;-0,177;0,244;-0,0007;-0,069;-0,002;-0,044;0,203;-0,28;0,314;0,337;0,345;0,2;0,259;0,34;0,534;0,467;0,494;0,628;0,602;0,563;0,279;0,572;0,439;-0,181;0,3;0,818;1,627;0,421;0,186;0,55;1,397;0,576;0,906;1,252
9,08;0,265;0,349;0,257;0,161;-0,176;0,234;-0,004;-0,067;-0,0008;-0,044;0,289;-0,285;0,304;0,353;0,342;0,274;0,341;0,349;0,533;0,471;0,497;0,632;0,603;0,565;0,281;0,58;0,444;-0,18;0,313;0,857;1,949;0,447;0,189;0,756;1,107;1,7;0,928;
9,17;0,269;0,37;0,258;0,162;-0,172;0,232;-0,002;-0,065;-0,0008;-0,043;0,207;-0,292;0,259;0,405;0,38;0,222;0,277;0,396;0,538;0,472;0,502;0,634;0,611;0,574;0,284;0,583;0,448;-0,178;0,303;0,889;1,591;0,455;0,199;0,817;0,903;0,873;0,809;1,231
9,25;0,296;0,364;0,277;0,167;-0,165;0,25;0,004;-0,063;-0,0001;-0,043;0,265;-0,288;0,253;0,337;0,357;0,246;0,281;0,279;0,544;0,478;0,508;0,643;0,618;0,577;0,285;0,587;0,453;-0,177;0,318;0,878;1,612;0,443;0,2;0,894;0,883;0,51;0,76;0,998
9,33;0,296;0,394;0,264;0,162;-0,166;0,255;0,0001;-0,064;0,001;-0,038;0,426;-0,292;0,303;0,33;0,322;0,29;0,31;0,34;0,55;0,482;0,511;0,651;0,621;0,582;0,289;0,594;0,456;-0,177;0,32;0,883;1,588;0,45;0,196;0,772;1,069;0,596;1,494;1,435
9,42;0,273;0,381;0,276;0,163;-0,161;0,256;0,01;-0,062;0,006;-0,036;0,332;-0,282;0,341;0,332;0,389;0,267;0,292;0,425;0,549;0,486;0,513;0,652;0,625;0,586;0,29;0,599;0,462;-0,176;0,332;0,878;1,896;0,469;0,209;0,89;1,07;0,671;0,651;1,112
9,5;0,303;0,387;0,282;0,177;-0,158;0,274;-0,002;-0,06;0,003;-0,036;0,313;-0,255;0,256;0,334;0,361;0,28;0,304;0,405;0,555;0,491;0,518;0,658;0,635;0,591;0,293;0,602;0,465;-0,176;0,337;0,909;1,889;0,461;0,22;0,862;0,82;1,472;0,825;1,746
9,58;0,313;0,377;0,284;0,179;-0,151;0,243;0,004;-0,057;0,007;-0,035;0,327;-0,285;0,306;0,359;0,358;0,283;0,258;0,429;0,558;0,499;0,523;0,664;0,636;0,595;0,298;0,608;0,471;-0,177;0,328;0,875;1,874;0,442;0,216;0,467;1,269;0,877;0,787;1,212
9,67;0,291;0,402;0,296;0,169;-0,156;0,265;0,011;-0,055;0,013;-0,032;0,337;-0,24;0,342;0,354;0,396;0,243;0,257;0,378;0,563;0,5;0,524;0,672;0,639;0,602;0,298;0,614;0,469;-0,176;0,327;0,822;1,81;0,46;0,226;0,946;1,166;0,637;0,804;1,288
9,75;0,301;0,41;0,274;0,185;-0,152;0,273;0,012;-0,053;0,007;-0,03;0,338;-0,273;0,408;0,301;0,407;0,297;0,26;0,369;0,567;0,504;0,528;0,676;0,646;0,603;0,301;0,623;0,475;-0,175;0,328;0,909;2,349;0,47;0,229;0,638;0,9;0,69;1,345;1,105
9,83;0,298;0,41;0,287;0,191;-0,146;0,281;0,017;-0,054;0,009;-0,035;0,305;-0,284;0,304;0,417;0,365;0,32;0,347;0,358;0,571;0,507;0,534;0,681;0,652;0,607;0,304;0,629;0,479;-0,174;0,336;0,887;1,897;0,475;0,244;0,84;1,411;1,567;1,043;1,117
9,92;0,316;0,398;0,296;0,187;-0,147;0,275;0,015;-0,051;0,017;-0,029;0,311;-0,231;0,366;0,382;0,385;0,29;0,329;0,328;0,575;0,513;0,538;0,687;0,659;0,614;0,306;0,635;0,479;-0,175;0,334;0,928;2,353;0,468;0,253;0,835;0,873;1,041;0,962;0,949
10;0,328;0,409;0,297;0,193;-0,142;0,281;0,025;-0,054;0,014;-0,02;0,271;-0,228;0,36;0,381;0,381;0,287;0,294;0,371;0,579;0,52;0,542;0,692;0,662;0,621;0,309;0,638;0,486;-0,174;0,344;0,938;2,743;0,476;0,252;0,654;1,258;0,798;0,799;